BEGIN TRANSACTION;
CREATE TABLE android_metadata (locale TEXT);
INSERT INTO `android_metadata` VALUES ('en_US');
CREATE TABLE "Question" (
	`_id`	INTEGER PRIMARY KEY AUTOINCREMENT,
	`text`	TEXT
);
INSERT INTO `Question` VALUES ('0','Est-ce que tu veux être en intérieur ?');
INSERT INTO `Question` VALUES ('1','Veux tu mettre de l''argent dans ton activité ?');
INSERT INTO `Question` VALUES ('2','Est-ce que tu veux apprendre quelque chose ?');
INSERT INTO `Question` VALUES ('3','Veux tu faire une activité physique ?');
INSERT INTO `Question` VALUES ('4','Question à faire 2');
INSERT INTO `Question` VALUES ('5','Veux tu être devant un écran ?');
INSERT INTO `Question` VALUES ('6','Question à faire 3');
INSERT INTO `Question` VALUES ('7','Es tu seul actuellement ?');
INSERT INTO `Question` VALUES ('8','Souhaites tu faire quelque chose d''utile ?');
INSERT INTO `Question` VALUES ('9','Souhaites tu faire une activité artistique ?');
INSERT INTO `Question` VALUES ('10','Question à faire 4');
INSERT INTO `Question` VALUES ('11','Est-ce que tu as faim ?');
INSERT INTO `Question` VALUES ('12','Question à  faire 5');
INSERT INTO `Question` VALUES ('13','Es-tu sur les nerfs ?');
INSERT INTO `Question` VALUES ('14','Est-ce qu''il fait beau ?');
INSERT INTO `Question` VALUES ('15','Question à  faire 6');
CREATE TABLE `Answer` (
	`id_answer`	INTEGER PRIMARY KEY AUTOINCREMENT,
	`text1`	TEXT,
	`text2`	TEXT,
	`text3`	TEXT
);
INSERT INTO `Answer` VALUES ('0','Non','Tu rêves','No way !');
INSERT INTO `Answer` VALUES ('1','Oui','Carrément','Ok');
INSERT INTO `Answer` VALUES ('2','Peu importe','Je m''en fiche','Je passe');
CREATE TABLE `ActivityQuestion` (
	`id_activity`	INTEGER,
	`id_question`	INTEGER,
	`impact`	INTEGER
);
INSERT INTO `ActivityQuestion` VALUES ('0','0','0');
INSERT INTO `ActivityQuestion` VALUES ('1','0','0');
INSERT INTO `ActivityQuestion` VALUES ('2','0','2');
INSERT INTO `ActivityQuestion` VALUES ('3','0','2');
INSERT INTO `ActivityQuestion` VALUES ('4','0','0');
INSERT INTO `ActivityQuestion` VALUES ('5','0','0');
INSERT INTO `ActivityQuestion` VALUES ('6','0','2');
INSERT INTO `ActivityQuestion` VALUES ('7','0','2');
INSERT INTO `ActivityQuestion` VALUES ('8','0','0');
INSERT INTO `ActivityQuestion` VALUES ('9','0','2');
INSERT INTO `ActivityQuestion` VALUES ('10','0','2');
INSERT INTO `ActivityQuestion` VALUES ('11','0','2');
INSERT INTO `ActivityQuestion` VALUES ('12','0','0');
INSERT INTO `ActivityQuestion` VALUES ('13','0','0');
INSERT INTO `ActivityQuestion` VALUES ('14','0','0');
INSERT INTO `ActivityQuestion` VALUES ('15','0','2');
INSERT INTO `ActivityQuestion` VALUES ('16','0','2');
INSERT INTO `ActivityQuestion` VALUES ('17','0','2');
INSERT INTO `ActivityQuestion` VALUES ('0','1','0');
INSERT INTO `ActivityQuestion` VALUES ('1','1','0');
INSERT INTO `ActivityQuestion` VALUES ('2','1','0');
INSERT INTO `ActivityQuestion` VALUES ('3','1','0');
INSERT INTO `ActivityQuestion` VALUES ('4','1','0');
INSERT INTO `ActivityQuestion` VALUES ('5','1','0');
INSERT INTO `ActivityQuestion` VALUES ('6','1','0');
INSERT INTO `ActivityQuestion` VALUES ('7','1','0');
INSERT INTO `ActivityQuestion` VALUES ('8','1','0');
INSERT INTO `ActivityQuestion` VALUES ('9','1','0');
INSERT INTO `ActivityQuestion` VALUES ('10','1','0');
INSERT INTO `ActivityQuestion` VALUES ('11','1','0');
INSERT INTO `ActivityQuestion` VALUES ('12','1','0');
INSERT INTO `ActivityQuestion` VALUES ('13','1','0');
INSERT INTO `ActivityQuestion` VALUES ('14','1','0');
INSERT INTO `ActivityQuestion` VALUES ('15','1','0');
INSERT INTO `ActivityQuestion` VALUES ('16','1','0');
INSERT INTO `ActivityQuestion` VALUES ('17','1','0');
INSERT INTO `ActivityQuestion` VALUES ('0','2','0');
INSERT INTO `ActivityQuestion` VALUES ('1','2','0');
INSERT INTO `ActivityQuestion` VALUES ('2','2','0');
INSERT INTO `ActivityQuestion` VALUES ('3','2','0');
INSERT INTO `ActivityQuestion` VALUES ('4','2','0');
INSERT INTO `ActivityQuestion` VALUES ('5','2','0');
INSERT INTO `ActivityQuestion` VALUES ('6','2','0');
INSERT INTO `ActivityQuestion` VALUES ('7','2','0');
INSERT INTO `ActivityQuestion` VALUES ('8','2','0');
INSERT INTO `ActivityQuestion` VALUES ('9','2','0');
INSERT INTO `ActivityQuestion` VALUES ('10','2','0');
INSERT INTO `ActivityQuestion` VALUES ('11','2','0');
INSERT INTO `ActivityQuestion` VALUES ('12','2','0');
INSERT INTO `ActivityQuestion` VALUES ('13','2','0');
INSERT INTO `ActivityQuestion` VALUES ('14','2','0');
INSERT INTO `ActivityQuestion` VALUES ('15','2','0');
INSERT INTO `ActivityQuestion` VALUES ('16','2','0');
INSERT INTO `ActivityQuestion` VALUES ('17','2','0');
INSERT INTO `ActivityQuestion` VALUES ('0','3','0');
INSERT INTO `ActivityQuestion` VALUES ('1','3','0');
INSERT INTO `ActivityQuestion` VALUES ('2','3','0');
INSERT INTO `ActivityQuestion` VALUES ('3','3','0');
INSERT INTO `ActivityQuestion` VALUES ('4','3','0');
INSERT INTO `ActivityQuestion` VALUES ('5','3','0');
INSERT INTO `ActivityQuestion` VALUES ('6','3','0');
INSERT INTO `ActivityQuestion` VALUES ('7','3','0');
INSERT INTO `ActivityQuestion` VALUES ('8','3','0');
INSERT INTO `ActivityQuestion` VALUES ('9','3','0');
INSERT INTO `ActivityQuestion` VALUES ('10','3','0');
INSERT INTO `ActivityQuestion` VALUES ('11','3','0');
INSERT INTO `ActivityQuestion` VALUES ('12','3','0');
INSERT INTO `ActivityQuestion` VALUES ('13','3','0');
INSERT INTO `ActivityQuestion` VALUES ('14','3','0');
INSERT INTO `ActivityQuestion` VALUES ('15','3','0');
INSERT INTO `ActivityQuestion` VALUES ('16','3','0');
INSERT INTO `ActivityQuestion` VALUES ('17','3','0');
INSERT INTO `ActivityQuestion` VALUES ('0','4','0');
INSERT INTO `ActivityQuestion` VALUES ('1','4','0');
INSERT INTO `ActivityQuestion` VALUES ('2','4','0');
INSERT INTO `ActivityQuestion` VALUES ('3','4','0');
INSERT INTO `ActivityQuestion` VALUES ('4','4','0');
INSERT INTO `ActivityQuestion` VALUES ('5','4','0');
INSERT INTO `ActivityQuestion` VALUES ('6','4','0');
INSERT INTO `ActivityQuestion` VALUES ('7','4','0');
INSERT INTO `ActivityQuestion` VALUES ('8','4','0');
INSERT INTO `ActivityQuestion` VALUES ('9','4','0');
INSERT INTO `ActivityQuestion` VALUES ('10','4','0');
INSERT INTO `ActivityQuestion` VALUES ('11','4','0');
INSERT INTO `ActivityQuestion` VALUES ('12','4','0');
INSERT INTO `ActivityQuestion` VALUES ('13','4','0');
INSERT INTO `ActivityQuestion` VALUES ('14','4','0');
INSERT INTO `ActivityQuestion` VALUES ('15','4','0');
INSERT INTO `ActivityQuestion` VALUES ('16','4','0');
INSERT INTO `ActivityQuestion` VALUES ('17','4','0');
INSERT INTO `ActivityQuestion` VALUES ('0','5','0');
INSERT INTO `ActivityQuestion` VALUES ('1','5','0');
INSERT INTO `ActivityQuestion` VALUES ('2','5','0');
INSERT INTO `ActivityQuestion` VALUES ('3','5','0');
INSERT INTO `ActivityQuestion` VALUES ('4','5','0');
INSERT INTO `ActivityQuestion` VALUES ('5','5','0');
INSERT INTO `ActivityQuestion` VALUES ('6','5','0');
INSERT INTO `ActivityQuestion` VALUES ('7','5','0');
INSERT INTO `ActivityQuestion` VALUES ('8','5','0');
INSERT INTO `ActivityQuestion` VALUES ('9','5','0');
INSERT INTO `ActivityQuestion` VALUES ('10','5','0');
INSERT INTO `ActivityQuestion` VALUES ('11','5','0');
INSERT INTO `ActivityQuestion` VALUES ('12','5','0');
INSERT INTO `ActivityQuestion` VALUES ('13','5','0');
INSERT INTO `ActivityQuestion` VALUES ('14','5','0');
INSERT INTO `ActivityQuestion` VALUES ('15','5','0');
INSERT INTO `ActivityQuestion` VALUES ('16','5','0');
INSERT INTO `ActivityQuestion` VALUES ('17','5','0');
INSERT INTO `ActivityQuestion` VALUES ('0','6','0');
INSERT INTO `ActivityQuestion` VALUES ('1','6','0');
INSERT INTO `ActivityQuestion` VALUES ('2','6','0');
INSERT INTO `ActivityQuestion` VALUES ('3','6','0');
INSERT INTO `ActivityQuestion` VALUES ('4','6','0');
INSERT INTO `ActivityQuestion` VALUES ('5','6','0');
INSERT INTO `ActivityQuestion` VALUES ('6','6','0');
INSERT INTO `ActivityQuestion` VALUES ('7','6','0');
INSERT INTO `ActivityQuestion` VALUES ('8','6','0');
INSERT INTO `ActivityQuestion` VALUES ('9','6','0');
INSERT INTO `ActivityQuestion` VALUES ('10','6','0');
INSERT INTO `ActivityQuestion` VALUES ('11','6','0');
INSERT INTO `ActivityQuestion` VALUES ('12','6','0');
INSERT INTO `ActivityQuestion` VALUES ('13','6','0');
INSERT INTO `ActivityQuestion` VALUES ('14','6','0');
INSERT INTO `ActivityQuestion` VALUES ('15','6','0');
INSERT INTO `ActivityQuestion` VALUES ('16','6','0');
INSERT INTO `ActivityQuestion` VALUES ('17','6','0');
INSERT INTO `ActivityQuestion` VALUES ('0','7','0');
INSERT INTO `ActivityQuestion` VALUES ('1','7','0');
INSERT INTO `ActivityQuestion` VALUES ('2','7','0');
INSERT INTO `ActivityQuestion` VALUES ('3','7','0');
INSERT INTO `ActivityQuestion` VALUES ('4','7','0');
INSERT INTO `ActivityQuestion` VALUES ('5','7','0');
INSERT INTO `ActivityQuestion` VALUES ('6','7','0');
INSERT INTO `ActivityQuestion` VALUES ('7','7','0');
INSERT INTO `ActivityQuestion` VALUES ('8','7','0');
INSERT INTO `ActivityQuestion` VALUES ('9','7','0');
INSERT INTO `ActivityQuestion` VALUES ('10','7','0');
INSERT INTO `ActivityQuestion` VALUES ('11','7','0');
INSERT INTO `ActivityQuestion` VALUES ('12','7','0');
INSERT INTO `ActivityQuestion` VALUES ('13','7','0');
INSERT INTO `ActivityQuestion` VALUES ('14','7','0');
INSERT INTO `ActivityQuestion` VALUES ('15','7','0');
INSERT INTO `ActivityQuestion` VALUES ('16','7','0');
INSERT INTO `ActivityQuestion` VALUES ('17','7','0');
INSERT INTO `ActivityQuestion` VALUES ('0','8','0');
INSERT INTO `ActivityQuestion` VALUES ('1','8','0');
INSERT INTO `ActivityQuestion` VALUES ('2','8','0');
INSERT INTO `ActivityQuestion` VALUES ('3','8','0');
INSERT INTO `ActivityQuestion` VALUES ('4','8','0');
INSERT INTO `ActivityQuestion` VALUES ('5','8','0');
INSERT INTO `ActivityQuestion` VALUES ('6','8','0');
INSERT INTO `ActivityQuestion` VALUES ('7','8','0');
INSERT INTO `ActivityQuestion` VALUES ('8','8','0');
INSERT INTO `ActivityQuestion` VALUES ('9','8','0');
INSERT INTO `ActivityQuestion` VALUES ('10','8','0');
INSERT INTO `ActivityQuestion` VALUES ('11','8','0');
INSERT INTO `ActivityQuestion` VALUES ('12','8','0');
INSERT INTO `ActivityQuestion` VALUES ('13','8','0');
INSERT INTO `ActivityQuestion` VALUES ('14','8','0');
INSERT INTO `ActivityQuestion` VALUES ('15','8','0');
INSERT INTO `ActivityQuestion` VALUES ('16','8','0');
INSERT INTO `ActivityQuestion` VALUES ('17','8','0');
INSERT INTO `ActivityQuestion` VALUES ('0','9','0');
INSERT INTO `ActivityQuestion` VALUES ('1','9','0');
INSERT INTO `ActivityQuestion` VALUES ('2','9','0');
INSERT INTO `ActivityQuestion` VALUES ('3','9','0');
INSERT INTO `ActivityQuestion` VALUES ('4','9','0');
INSERT INTO `ActivityQuestion` VALUES ('5','9','0');
INSERT INTO `ActivityQuestion` VALUES ('6','9','0');
INSERT INTO `ActivityQuestion` VALUES ('7','9','0');
INSERT INTO `ActivityQuestion` VALUES ('8','9','0');
INSERT INTO `ActivityQuestion` VALUES ('9','9','0');
INSERT INTO `ActivityQuestion` VALUES ('10','9','0');
INSERT INTO `ActivityQuestion` VALUES ('11','9','0');
INSERT INTO `ActivityQuestion` VALUES ('12','9','0');
INSERT INTO `ActivityQuestion` VALUES ('13','9','0');
INSERT INTO `ActivityQuestion` VALUES ('14','9','0');
INSERT INTO `ActivityQuestion` VALUES ('15','9','0');
INSERT INTO `ActivityQuestion` VALUES ('16','9','0');
INSERT INTO `ActivityQuestion` VALUES ('17','9','0');
INSERT INTO `ActivityQuestion` VALUES ('0','10','0');
INSERT INTO `ActivityQuestion` VALUES ('1','10','0');
INSERT INTO `ActivityQuestion` VALUES ('2','10','0');
INSERT INTO `ActivityQuestion` VALUES ('3','10','0');
INSERT INTO `ActivityQuestion` VALUES ('4','10','0');
INSERT INTO `ActivityQuestion` VALUES ('5','10','0');
INSERT INTO `ActivityQuestion` VALUES ('6','10','0');
INSERT INTO `ActivityQuestion` VALUES ('7','10','0');
INSERT INTO `ActivityQuestion` VALUES ('8','10','0');
INSERT INTO `ActivityQuestion` VALUES ('9','10','0');
INSERT INTO `ActivityQuestion` VALUES ('10','10','0');
INSERT INTO `ActivityQuestion` VALUES ('11','10','0');
INSERT INTO `ActivityQuestion` VALUES ('12','10','0');
INSERT INTO `ActivityQuestion` VALUES ('13','10','0');
INSERT INTO `ActivityQuestion` VALUES ('14','10','0');
INSERT INTO `ActivityQuestion` VALUES ('15','10','0');
INSERT INTO `ActivityQuestion` VALUES ('16','10','0');
INSERT INTO `ActivityQuestion` VALUES ('17','10','0');
INSERT INTO `ActivityQuestion` VALUES ('0','11','0');
INSERT INTO `ActivityQuestion` VALUES ('1','11','0');
INSERT INTO `ActivityQuestion` VALUES ('2','11','0');
INSERT INTO `ActivityQuestion` VALUES ('3','11','0');
INSERT INTO `ActivityQuestion` VALUES ('4','11','0');
INSERT INTO `ActivityQuestion` VALUES ('5','11','0');
INSERT INTO `ActivityQuestion` VALUES ('6','11','0');
INSERT INTO `ActivityQuestion` VALUES ('7','11','0');
INSERT INTO `ActivityQuestion` VALUES ('8','11','0');
INSERT INTO `ActivityQuestion` VALUES ('9','11','0');
INSERT INTO `ActivityQuestion` VALUES ('10','11','0');
INSERT INTO `ActivityQuestion` VALUES ('11','11','0');
INSERT INTO `ActivityQuestion` VALUES ('12','11','0');
INSERT INTO `ActivityQuestion` VALUES ('13','11','0');
INSERT INTO `ActivityQuestion` VALUES ('14','11','0');
INSERT INTO `ActivityQuestion` VALUES ('15','11','0');
INSERT INTO `ActivityQuestion` VALUES ('16','11','0');
INSERT INTO `ActivityQuestion` VALUES ('17','11','0');
INSERT INTO `ActivityQuestion` VALUES ('0','12','0');
INSERT INTO `ActivityQuestion` VALUES ('1','12','0');
INSERT INTO `ActivityQuestion` VALUES ('2','12','0');
INSERT INTO `ActivityQuestion` VALUES ('3','12','0');
INSERT INTO `ActivityQuestion` VALUES ('4','12','0');
INSERT INTO `ActivityQuestion` VALUES ('5','12','0');
INSERT INTO `ActivityQuestion` VALUES ('6','12','0');
INSERT INTO `ActivityQuestion` VALUES ('7','12','0');
INSERT INTO `ActivityQuestion` VALUES ('8','12','0');
INSERT INTO `ActivityQuestion` VALUES ('9','12','0');
INSERT INTO `ActivityQuestion` VALUES ('10','12','0');
INSERT INTO `ActivityQuestion` VALUES ('11','12','0');
INSERT INTO `ActivityQuestion` VALUES ('12','12','0');
INSERT INTO `ActivityQuestion` VALUES ('13','12','0');
INSERT INTO `ActivityQuestion` VALUES ('14','12','0');
INSERT INTO `ActivityQuestion` VALUES ('15','12','0');
INSERT INTO `ActivityQuestion` VALUES ('16','12','0');
INSERT INTO `ActivityQuestion` VALUES ('17','12','0');
INSERT INTO `ActivityQuestion` VALUES ('0','13','0');
INSERT INTO `ActivityQuestion` VALUES ('1','13','0');
INSERT INTO `ActivityQuestion` VALUES ('2','13','0');
INSERT INTO `ActivityQuestion` VALUES ('3','13','0');
INSERT INTO `ActivityQuestion` VALUES ('4','13','0');
INSERT INTO `ActivityQuestion` VALUES ('5','13','0');
INSERT INTO `ActivityQuestion` VALUES ('6','13','0');
INSERT INTO `ActivityQuestion` VALUES ('7','13','0');
INSERT INTO `ActivityQuestion` VALUES ('8','13','0');
INSERT INTO `ActivityQuestion` VALUES ('9','13','0');
INSERT INTO `ActivityQuestion` VALUES ('10','13','0');
INSERT INTO `ActivityQuestion` VALUES ('11','13','0');
INSERT INTO `ActivityQuestion` VALUES ('12','13','0');
INSERT INTO `ActivityQuestion` VALUES ('13','13','0');
INSERT INTO `ActivityQuestion` VALUES ('14','13','0');
INSERT INTO `ActivityQuestion` VALUES ('15','13','0');
INSERT INTO `ActivityQuestion` VALUES ('16','13','0');
INSERT INTO `ActivityQuestion` VALUES ('17','13','0');
INSERT INTO `ActivityQuestion` VALUES ('0','14','0');
INSERT INTO `ActivityQuestion` VALUES ('1','14','0');
INSERT INTO `ActivityQuestion` VALUES ('2','14','0');
INSERT INTO `ActivityQuestion` VALUES ('3','14','0');
INSERT INTO `ActivityQuestion` VALUES ('4','14','0');
INSERT INTO `ActivityQuestion` VALUES ('5','14','0');
INSERT INTO `ActivityQuestion` VALUES ('6','14','0');
INSERT INTO `ActivityQuestion` VALUES ('7','14','0');
INSERT INTO `ActivityQuestion` VALUES ('8','14','0');
INSERT INTO `ActivityQuestion` VALUES ('9','14','0');
INSERT INTO `ActivityQuestion` VALUES ('10','14','0');
INSERT INTO `ActivityQuestion` VALUES ('11','14','0');
INSERT INTO `ActivityQuestion` VALUES ('12','14','0');
INSERT INTO `ActivityQuestion` VALUES ('13','14','0');
INSERT INTO `ActivityQuestion` VALUES ('14','14','0');
INSERT INTO `ActivityQuestion` VALUES ('15','14','0');
INSERT INTO `ActivityQuestion` VALUES ('16','14','0');
INSERT INTO `ActivityQuestion` VALUES ('17','14','0');
INSERT INTO `ActivityQuestion` VALUES ('0','15','0');
INSERT INTO `ActivityQuestion` VALUES ('1','15','0');
INSERT INTO `ActivityQuestion` VALUES ('2','15','0');
INSERT INTO `ActivityQuestion` VALUES ('3','15','0');
INSERT INTO `ActivityQuestion` VALUES ('4','15','0');
INSERT INTO `ActivityQuestion` VALUES ('5','15','0');
INSERT INTO `ActivityQuestion` VALUES ('6','15','0');
INSERT INTO `ActivityQuestion` VALUES ('7','15','0');
INSERT INTO `ActivityQuestion` VALUES ('8','15','0');
INSERT INTO `ActivityQuestion` VALUES ('9','15','0');
INSERT INTO `ActivityQuestion` VALUES ('10','15','0');
INSERT INTO `ActivityQuestion` VALUES ('11','15','0');
INSERT INTO `ActivityQuestion` VALUES ('12','15','0');
INSERT INTO `ActivityQuestion` VALUES ('13','15','0');
INSERT INTO `ActivityQuestion` VALUES ('14','15','0');
INSERT INTO `ActivityQuestion` VALUES ('15','15','0');
INSERT INTO `ActivityQuestion` VALUES ('16','15','0');
INSERT INTO `ActivityQuestion` VALUES ('17','15','0');
INSERT INTO `ActivityQuestion` VALUES ('18','0','0');
INSERT INTO `ActivityQuestion` VALUES ('19','0','0');
INSERT INTO `ActivityQuestion` VALUES ('20','0','2');
INSERT INTO `ActivityQuestion` VALUES ('21','0','2');
INSERT INTO `ActivityQuestion` VALUES ('22','0','0');
INSERT INTO `ActivityQuestion` VALUES ('23','0','0');
INSERT INTO `ActivityQuestion` VALUES ('24','0','1');
INSERT INTO `ActivityQuestion` VALUES ('25','0','1');
INSERT INTO `ActivityQuestion` VALUES ('26','0','1');
INSERT INTO `ActivityQuestion` VALUES ('27','0','1');
INSERT INTO `ActivityQuestion` VALUES ('28','0','1');
INSERT INTO `ActivityQuestion` VALUES ('29','0','2');
INSERT INTO `ActivityQuestion` VALUES ('30','0','1');
INSERT INTO `ActivityQuestion` VALUES ('31','0','1');
INSERT INTO `ActivityQuestion` VALUES ('32','0','1');
INSERT INTO `ActivityQuestion` VALUES ('33','0','2');
INSERT INTO `ActivityQuestion` VALUES ('34','0','2');
INSERT INTO `ActivityQuestion` VALUES ('35','0','1');
INSERT INTO `ActivityQuestion` VALUES ('36','0','1');
INSERT INTO `ActivityQuestion` VALUES ('37','0','1');
INSERT INTO `ActivityQuestion` VALUES ('38','0','1');
INSERT INTO `ActivityQuestion` VALUES ('39','0','1');
INSERT INTO `ActivityQuestion` VALUES ('40','0','1');
INSERT INTO `ActivityQuestion` VALUES ('41','0','2');
INSERT INTO `ActivityQuestion` VALUES ('42','0','2');
INSERT INTO `ActivityQuestion` VALUES ('43','0','2');
INSERT INTO `ActivityQuestion` VALUES ('44','0','2');
INSERT INTO `ActivityQuestion` VALUES ('45','0','2');
INSERT INTO `ActivityQuestion` VALUES ('46','0','2');
INSERT INTO `ActivityQuestion` VALUES ('47','0','1');
INSERT INTO `ActivityQuestion` VALUES ('48','0','1');
INSERT INTO `ActivityQuestion` VALUES ('49','0','0');
INSERT INTO `ActivityQuestion` VALUES ('18','1','0');
INSERT INTO `ActivityQuestion` VALUES ('19','1','0');
INSERT INTO `ActivityQuestion` VALUES ('20','1','0');
INSERT INTO `ActivityQuestion` VALUES ('21','1','0');
INSERT INTO `ActivityQuestion` VALUES ('22','1','0');
INSERT INTO `ActivityQuestion` VALUES ('23','1','0');
INSERT INTO `ActivityQuestion` VALUES ('24','1','1');
INSERT INTO `ActivityQuestion` VALUES ('25','1','1');
INSERT INTO `ActivityQuestion` VALUES ('26','1','0');
INSERT INTO `ActivityQuestion` VALUES ('27','1','0');
INSERT INTO `ActivityQuestion` VALUES ('28','1','0');
INSERT INTO `ActivityQuestion` VALUES ('29','1','0');
INSERT INTO `ActivityQuestion` VALUES ('30','1','1');
INSERT INTO `ActivityQuestion` VALUES ('31','1','1');
INSERT INTO `ActivityQuestion` VALUES ('32','1','2');
INSERT INTO `ActivityQuestion` VALUES ('33','1','0');
INSERT INTO `ActivityQuestion` VALUES ('34','1','0');
INSERT INTO `ActivityQuestion` VALUES ('35','1','1');
INSERT INTO `ActivityQuestion` VALUES ('36','1','1');
INSERT INTO `ActivityQuestion` VALUES ('37','1','1');
INSERT INTO `ActivityQuestion` VALUES ('38','1','1');
INSERT INTO `ActivityQuestion` VALUES ('39','1','1');
INSERT INTO `ActivityQuestion` VALUES ('40','1','1');
INSERT INTO `ActivityQuestion` VALUES ('41','1','0');
INSERT INTO `ActivityQuestion` VALUES ('42','1','0');
INSERT INTO `ActivityQuestion` VALUES ('43','1','2');
INSERT INTO `ActivityQuestion` VALUES ('44','1','2');
INSERT INTO `ActivityQuestion` VALUES ('45','1','2');
INSERT INTO `ActivityQuestion` VALUES ('46','1','0');
INSERT INTO `ActivityQuestion` VALUES ('47','1','1');
INSERT INTO `ActivityQuestion` VALUES ('48','1','1');
INSERT INTO `ActivityQuestion` VALUES ('49','1','2');
INSERT INTO `ActivityQuestion` VALUES ('18','2','0');
INSERT INTO `ActivityQuestion` VALUES ('19','2','0');
INSERT INTO `ActivityQuestion` VALUES ('20','2','0');
INSERT INTO `ActivityQuestion` VALUES ('21','2','0');
INSERT INTO `ActivityQuestion` VALUES ('22','2','0');
INSERT INTO `ActivityQuestion` VALUES ('23','2','0');
INSERT INTO `ActivityQuestion` VALUES ('24','2','0');
INSERT INTO `ActivityQuestion` VALUES ('25','2','0');
INSERT INTO `ActivityQuestion` VALUES ('26','2','0');
INSERT INTO `ActivityQuestion` VALUES ('27','2','0');
INSERT INTO `ActivityQuestion` VALUES ('28','2','0');
INSERT INTO `ActivityQuestion` VALUES ('29','2','0');
INSERT INTO `ActivityQuestion` VALUES ('30','2','0');
INSERT INTO `ActivityQuestion` VALUES ('31','2','0');
INSERT INTO `ActivityQuestion` VALUES ('32','2','0');
INSERT INTO `ActivityQuestion` VALUES ('33','2','0');
INSERT INTO `ActivityQuestion` VALUES ('34','2','0');
INSERT INTO `ActivityQuestion` VALUES ('35','2','0');
INSERT INTO `ActivityQuestion` VALUES ('36','2','0');
INSERT INTO `ActivityQuestion` VALUES ('37','2','0');
INSERT INTO `ActivityQuestion` VALUES ('38','2','0');
INSERT INTO `ActivityQuestion` VALUES ('39','2','0');
INSERT INTO `ActivityQuestion` VALUES ('40','2','0');
INSERT INTO `ActivityQuestion` VALUES ('41','2','0');
INSERT INTO `ActivityQuestion` VALUES ('42','2','0');
INSERT INTO `ActivityQuestion` VALUES ('43','2','0');
INSERT INTO `ActivityQuestion` VALUES ('44','2','0');
INSERT INTO `ActivityQuestion` VALUES ('45','2','0');
INSERT INTO `ActivityQuestion` VALUES ('46','2','0');
INSERT INTO `ActivityQuestion` VALUES ('47','2','0');
INSERT INTO `ActivityQuestion` VALUES ('48','2','0');
INSERT INTO `ActivityQuestion` VALUES ('49','2','0');
INSERT INTO `ActivityQuestion` VALUES ('18','3','0');
INSERT INTO `ActivityQuestion` VALUES ('19','3','0');
INSERT INTO `ActivityQuestion` VALUES ('20','3','0');
INSERT INTO `ActivityQuestion` VALUES ('21','3','0');
INSERT INTO `ActivityQuestion` VALUES ('22','3','0');
INSERT INTO `ActivityQuestion` VALUES ('23','3','0');
INSERT INTO `ActivityQuestion` VALUES ('24','3','0');
INSERT INTO `ActivityQuestion` VALUES ('25','3','0');
INSERT INTO `ActivityQuestion` VALUES ('26','3','0');
INSERT INTO `ActivityQuestion` VALUES ('27','3','0');
INSERT INTO `ActivityQuestion` VALUES ('28','3','0');
INSERT INTO `ActivityQuestion` VALUES ('29','3','0');
INSERT INTO `ActivityQuestion` VALUES ('30','3','0');
INSERT INTO `ActivityQuestion` VALUES ('31','3','0');
INSERT INTO `ActivityQuestion` VALUES ('32','3','0');
INSERT INTO `ActivityQuestion` VALUES ('33','3','0');
INSERT INTO `ActivityQuestion` VALUES ('34','3','0');
INSERT INTO `ActivityQuestion` VALUES ('35','3','0');
INSERT INTO `ActivityQuestion` VALUES ('36','3','0');
INSERT INTO `ActivityQuestion` VALUES ('37','3','0');
INSERT INTO `ActivityQuestion` VALUES ('38','3','0');
INSERT INTO `ActivityQuestion` VALUES ('39','3','0');
INSERT INTO `ActivityQuestion` VALUES ('40','3','0');
INSERT INTO `ActivityQuestion` VALUES ('41','3','0');
INSERT INTO `ActivityQuestion` VALUES ('42','3','0');
INSERT INTO `ActivityQuestion` VALUES ('43','3','0');
INSERT INTO `ActivityQuestion` VALUES ('44','3','0');
INSERT INTO `ActivityQuestion` VALUES ('45','3','0');
INSERT INTO `ActivityQuestion` VALUES ('46','3','0');
INSERT INTO `ActivityQuestion` VALUES ('47','3','0');
INSERT INTO `ActivityQuestion` VALUES ('48','3','0');
INSERT INTO `ActivityQuestion` VALUES ('49','3','0');
INSERT INTO `ActivityQuestion` VALUES ('18','4','0');
INSERT INTO `ActivityQuestion` VALUES ('19','4','0');
INSERT INTO `ActivityQuestion` VALUES ('20','4','0');
INSERT INTO `ActivityQuestion` VALUES ('21','4','0');
INSERT INTO `ActivityQuestion` VALUES ('22','4','0');
INSERT INTO `ActivityQuestion` VALUES ('23','4','0');
INSERT INTO `ActivityQuestion` VALUES ('24','4','0');
INSERT INTO `ActivityQuestion` VALUES ('25','4','0');
INSERT INTO `ActivityQuestion` VALUES ('26','4','0');
INSERT INTO `ActivityQuestion` VALUES ('27','4','0');
INSERT INTO `ActivityQuestion` VALUES ('28','4','0');
INSERT INTO `ActivityQuestion` VALUES ('29','4','0');
INSERT INTO `ActivityQuestion` VALUES ('30','4','0');
INSERT INTO `ActivityQuestion` VALUES ('31','4','0');
INSERT INTO `ActivityQuestion` VALUES ('32','4','0');
INSERT INTO `ActivityQuestion` VALUES ('33','4','0');
INSERT INTO `ActivityQuestion` VALUES ('34','4','0');
INSERT INTO `ActivityQuestion` VALUES ('35','4','0');
INSERT INTO `ActivityQuestion` VALUES ('36','4','0');
INSERT INTO `ActivityQuestion` VALUES ('37','4','0');
INSERT INTO `ActivityQuestion` VALUES ('38','4','0');
INSERT INTO `ActivityQuestion` VALUES ('39','4','0');
INSERT INTO `ActivityQuestion` VALUES ('40','4','0');
INSERT INTO `ActivityQuestion` VALUES ('41','4','0');
INSERT INTO `ActivityQuestion` VALUES ('42','4','0');
INSERT INTO `ActivityQuestion` VALUES ('43','4','0');
INSERT INTO `ActivityQuestion` VALUES ('44','4','0');
INSERT INTO `ActivityQuestion` VALUES ('45','4','0');
INSERT INTO `ActivityQuestion` VALUES ('46','4','0');
INSERT INTO `ActivityQuestion` VALUES ('47','4','0');
INSERT INTO `ActivityQuestion` VALUES ('48','4','0');
INSERT INTO `ActivityQuestion` VALUES ('49','4','0');
INSERT INTO `ActivityQuestion` VALUES ('18','5','0');
INSERT INTO `ActivityQuestion` VALUES ('19','5','0');
INSERT INTO `ActivityQuestion` VALUES ('20','5','0');
INSERT INTO `ActivityQuestion` VALUES ('21','5','0');
INSERT INTO `ActivityQuestion` VALUES ('22','5','0');
INSERT INTO `ActivityQuestion` VALUES ('23','5','0');
INSERT INTO `ActivityQuestion` VALUES ('24','5','0');
INSERT INTO `ActivityQuestion` VALUES ('25','5','0');
INSERT INTO `ActivityQuestion` VALUES ('26','5','0');
INSERT INTO `ActivityQuestion` VALUES ('27','5','0');
INSERT INTO `ActivityQuestion` VALUES ('28','5','0');
INSERT INTO `ActivityQuestion` VALUES ('29','5','0');
INSERT INTO `ActivityQuestion` VALUES ('30','5','0');
INSERT INTO `ActivityQuestion` VALUES ('31','5','0');
INSERT INTO `ActivityQuestion` VALUES ('32','5','0');
INSERT INTO `ActivityQuestion` VALUES ('33','5','0');
INSERT INTO `ActivityQuestion` VALUES ('34','5','0');
INSERT INTO `ActivityQuestion` VALUES ('35','5','0');
INSERT INTO `ActivityQuestion` VALUES ('36','5','0');
INSERT INTO `ActivityQuestion` VALUES ('37','5','0');
INSERT INTO `ActivityQuestion` VALUES ('38','5','0');
INSERT INTO `ActivityQuestion` VALUES ('39','5','0');
INSERT INTO `ActivityQuestion` VALUES ('40','5','0');
INSERT INTO `ActivityQuestion` VALUES ('41','5','0');
INSERT INTO `ActivityQuestion` VALUES ('42','5','0');
INSERT INTO `ActivityQuestion` VALUES ('43','5','0');
INSERT INTO `ActivityQuestion` VALUES ('44','5','0');
INSERT INTO `ActivityQuestion` VALUES ('45','5','0');
INSERT INTO `ActivityQuestion` VALUES ('46','5','0');
INSERT INTO `ActivityQuestion` VALUES ('47','5','0');
INSERT INTO `ActivityQuestion` VALUES ('48','5','0');
INSERT INTO `ActivityQuestion` VALUES ('49','5','0');
INSERT INTO `ActivityQuestion` VALUES ('18','6','0');
INSERT INTO `ActivityQuestion` VALUES ('19','6','0');
INSERT INTO `ActivityQuestion` VALUES ('20','6','0');
INSERT INTO `ActivityQuestion` VALUES ('21','6','0');
INSERT INTO `ActivityQuestion` VALUES ('22','6','0');
INSERT INTO `ActivityQuestion` VALUES ('23','6','0');
INSERT INTO `ActivityQuestion` VALUES ('24','6','0');
INSERT INTO `ActivityQuestion` VALUES ('25','6','0');
INSERT INTO `ActivityQuestion` VALUES ('26','6','0');
INSERT INTO `ActivityQuestion` VALUES ('27','6','0');
INSERT INTO `ActivityQuestion` VALUES ('28','6','0');
INSERT INTO `ActivityQuestion` VALUES ('29','6','0');
INSERT INTO `ActivityQuestion` VALUES ('30','6','0');
INSERT INTO `ActivityQuestion` VALUES ('31','6','0');
INSERT INTO `ActivityQuestion` VALUES ('32','6','0');
INSERT INTO `ActivityQuestion` VALUES ('33','6','0');
INSERT INTO `ActivityQuestion` VALUES ('34','6','0');
INSERT INTO `ActivityQuestion` VALUES ('35','6','0');
INSERT INTO `ActivityQuestion` VALUES ('36','6','0');
INSERT INTO `ActivityQuestion` VALUES ('37','6','0');
INSERT INTO `ActivityQuestion` VALUES ('38','6','0');
INSERT INTO `ActivityQuestion` VALUES ('39','6','0');
INSERT INTO `ActivityQuestion` VALUES ('40','6','0');
INSERT INTO `ActivityQuestion` VALUES ('41','6','0');
INSERT INTO `ActivityQuestion` VALUES ('42','6','0');
INSERT INTO `ActivityQuestion` VALUES ('43','6','0');
INSERT INTO `ActivityQuestion` VALUES ('44','6','0');
INSERT INTO `ActivityQuestion` VALUES ('45','6','0');
INSERT INTO `ActivityQuestion` VALUES ('46','6','0');
INSERT INTO `ActivityQuestion` VALUES ('47','6','0');
INSERT INTO `ActivityQuestion` VALUES ('48','6','0');
INSERT INTO `ActivityQuestion` VALUES ('49','6','0');
INSERT INTO `ActivityQuestion` VALUES ('18','7','0');
INSERT INTO `ActivityQuestion` VALUES ('19','7','0');
INSERT INTO `ActivityQuestion` VALUES ('20','7','0');
INSERT INTO `ActivityQuestion` VALUES ('21','7','0');
INSERT INTO `ActivityQuestion` VALUES ('22','7','0');
INSERT INTO `ActivityQuestion` VALUES ('23','7','0');
INSERT INTO `ActivityQuestion` VALUES ('24','7','0');
INSERT INTO `ActivityQuestion` VALUES ('25','7','0');
INSERT INTO `ActivityQuestion` VALUES ('26','7','0');
INSERT INTO `ActivityQuestion` VALUES ('27','7','0');
INSERT INTO `ActivityQuestion` VALUES ('28','7','0');
INSERT INTO `ActivityQuestion` VALUES ('29','7','0');
INSERT INTO `ActivityQuestion` VALUES ('30','7','0');
INSERT INTO `ActivityQuestion` VALUES ('31','7','0');
INSERT INTO `ActivityQuestion` VALUES ('32','7','0');
INSERT INTO `ActivityQuestion` VALUES ('33','7','0');
INSERT INTO `ActivityQuestion` VALUES ('34','7','0');
INSERT INTO `ActivityQuestion` VALUES ('35','7','0');
INSERT INTO `ActivityQuestion` VALUES ('36','7','0');
INSERT INTO `ActivityQuestion` VALUES ('37','7','0');
INSERT INTO `ActivityQuestion` VALUES ('38','7','0');
INSERT INTO `ActivityQuestion` VALUES ('39','7','0');
INSERT INTO `ActivityQuestion` VALUES ('40','7','0');
INSERT INTO `ActivityQuestion` VALUES ('41','7','0');
INSERT INTO `ActivityQuestion` VALUES ('42','7','0');
INSERT INTO `ActivityQuestion` VALUES ('43','7','0');
INSERT INTO `ActivityQuestion` VALUES ('44','7','0');
INSERT INTO `ActivityQuestion` VALUES ('45','7','0');
INSERT INTO `ActivityQuestion` VALUES ('46','7','0');
INSERT INTO `ActivityQuestion` VALUES ('47','7','0');
INSERT INTO `ActivityQuestion` VALUES ('48','7','0');
INSERT INTO `ActivityQuestion` VALUES ('49','7','0');
INSERT INTO `ActivityQuestion` VALUES ('18','8','0');
INSERT INTO `ActivityQuestion` VALUES ('19','8','0');
INSERT INTO `ActivityQuestion` VALUES ('20','8','0');
INSERT INTO `ActivityQuestion` VALUES ('21','8','0');
INSERT INTO `ActivityQuestion` VALUES ('22','8','0');
INSERT INTO `ActivityQuestion` VALUES ('23','8','0');
INSERT INTO `ActivityQuestion` VALUES ('24','8','0');
INSERT INTO `ActivityQuestion` VALUES ('25','8','0');
INSERT INTO `ActivityQuestion` VALUES ('26','8','0');
INSERT INTO `ActivityQuestion` VALUES ('27','8','0');
INSERT INTO `ActivityQuestion` VALUES ('28','8','0');
INSERT INTO `ActivityQuestion` VALUES ('29','8','0');
INSERT INTO `ActivityQuestion` VALUES ('30','8','0');
INSERT INTO `ActivityQuestion` VALUES ('31','8','0');
INSERT INTO `ActivityQuestion` VALUES ('32','8','0');
INSERT INTO `ActivityQuestion` VALUES ('33','8','0');
INSERT INTO `ActivityQuestion` VALUES ('34','8','0');
INSERT INTO `ActivityQuestion` VALUES ('35','8','0');
INSERT INTO `ActivityQuestion` VALUES ('36','8','0');
INSERT INTO `ActivityQuestion` VALUES ('37','8','0');
INSERT INTO `ActivityQuestion` VALUES ('38','8','0');
INSERT INTO `ActivityQuestion` VALUES ('39','8','0');
INSERT INTO `ActivityQuestion` VALUES ('40','8','0');
INSERT INTO `ActivityQuestion` VALUES ('41','8','0');
INSERT INTO `ActivityQuestion` VALUES ('42','8','0');
INSERT INTO `ActivityQuestion` VALUES ('43','8','0');
INSERT INTO `ActivityQuestion` VALUES ('44','8','0');
INSERT INTO `ActivityQuestion` VALUES ('45','8','0');
INSERT INTO `ActivityQuestion` VALUES ('46','8','0');
INSERT INTO `ActivityQuestion` VALUES ('47','8','0');
INSERT INTO `ActivityQuestion` VALUES ('48','8','0');
INSERT INTO `ActivityQuestion` VALUES ('49','8','0');
INSERT INTO `ActivityQuestion` VALUES ('18','9','0');
INSERT INTO `ActivityQuestion` VALUES ('19','9','0');
INSERT INTO `ActivityQuestion` VALUES ('20','9','0');
INSERT INTO `ActivityQuestion` VALUES ('21','9','0');
INSERT INTO `ActivityQuestion` VALUES ('22','9','0');
INSERT INTO `ActivityQuestion` VALUES ('23','9','0');
INSERT INTO `ActivityQuestion` VALUES ('24','9','0');
INSERT INTO `ActivityQuestion` VALUES ('25','9','0');
INSERT INTO `ActivityQuestion` VALUES ('26','9','0');
INSERT INTO `ActivityQuestion` VALUES ('27','9','0');
INSERT INTO `ActivityQuestion` VALUES ('28','9','0');
INSERT INTO `ActivityQuestion` VALUES ('29','9','0');
INSERT INTO `ActivityQuestion` VALUES ('30','9','0');
INSERT INTO `ActivityQuestion` VALUES ('31','9','0');
INSERT INTO `ActivityQuestion` VALUES ('32','9','0');
INSERT INTO `ActivityQuestion` VALUES ('33','9','0');
INSERT INTO `ActivityQuestion` VALUES ('34','9','0');
INSERT INTO `ActivityQuestion` VALUES ('35','9','0');
INSERT INTO `ActivityQuestion` VALUES ('36','9','0');
INSERT INTO `ActivityQuestion` VALUES ('37','9','0');
INSERT INTO `ActivityQuestion` VALUES ('38','9','0');
INSERT INTO `ActivityQuestion` VALUES ('39','9','0');
INSERT INTO `ActivityQuestion` VALUES ('40','9','0');
INSERT INTO `ActivityQuestion` VALUES ('41','9','0');
INSERT INTO `ActivityQuestion` VALUES ('42','9','0');
INSERT INTO `ActivityQuestion` VALUES ('43','9','0');
INSERT INTO `ActivityQuestion` VALUES ('44','9','0');
INSERT INTO `ActivityQuestion` VALUES ('45','9','0');
INSERT INTO `ActivityQuestion` VALUES ('46','9','0');
INSERT INTO `ActivityQuestion` VALUES ('47','9','0');
INSERT INTO `ActivityQuestion` VALUES ('48','9','0');
INSERT INTO `ActivityQuestion` VALUES ('49','9','0');
INSERT INTO `ActivityQuestion` VALUES ('18','10','0');
INSERT INTO `ActivityQuestion` VALUES ('19','10','0');
INSERT INTO `ActivityQuestion` VALUES ('20','10','0');
INSERT INTO `ActivityQuestion` VALUES ('21','10','0');
INSERT INTO `ActivityQuestion` VALUES ('22','10','0');
INSERT INTO `ActivityQuestion` VALUES ('23','10','0');
INSERT INTO `ActivityQuestion` VALUES ('24','10','0');
INSERT INTO `ActivityQuestion` VALUES ('25','10','0');
INSERT INTO `ActivityQuestion` VALUES ('26','10','0');
INSERT INTO `ActivityQuestion` VALUES ('27','10','0');
INSERT INTO `ActivityQuestion` VALUES ('28','10','0');
INSERT INTO `ActivityQuestion` VALUES ('29','10','0');
INSERT INTO `ActivityQuestion` VALUES ('30','10','0');
INSERT INTO `ActivityQuestion` VALUES ('31','10','0');
INSERT INTO `ActivityQuestion` VALUES ('32','10','0');
INSERT INTO `ActivityQuestion` VALUES ('33','10','0');
INSERT INTO `ActivityQuestion` VALUES ('34','10','0');
INSERT INTO `ActivityQuestion` VALUES ('35','10','0');
INSERT INTO `ActivityQuestion` VALUES ('36','10','0');
INSERT INTO `ActivityQuestion` VALUES ('37','10','0');
INSERT INTO `ActivityQuestion` VALUES ('38','10','0');
INSERT INTO `ActivityQuestion` VALUES ('39','10','0');
INSERT INTO `ActivityQuestion` VALUES ('40','10','0');
INSERT INTO `ActivityQuestion` VALUES ('41','10','0');
INSERT INTO `ActivityQuestion` VALUES ('42','10','0');
INSERT INTO `ActivityQuestion` VALUES ('43','10','0');
INSERT INTO `ActivityQuestion` VALUES ('44','10','0');
INSERT INTO `ActivityQuestion` VALUES ('45','10','0');
INSERT INTO `ActivityQuestion` VALUES ('46','10','0');
INSERT INTO `ActivityQuestion` VALUES ('47','10','0');
INSERT INTO `ActivityQuestion` VALUES ('48','10','0');
INSERT INTO `ActivityQuestion` VALUES ('49','10','0');
INSERT INTO `ActivityQuestion` VALUES ('18','11','0');
INSERT INTO `ActivityQuestion` VALUES ('19','11','0');
INSERT INTO `ActivityQuestion` VALUES ('20','11','0');
INSERT INTO `ActivityQuestion` VALUES ('21','11','0');
INSERT INTO `ActivityQuestion` VALUES ('22','11','0');
INSERT INTO `ActivityQuestion` VALUES ('23','11','0');
INSERT INTO `ActivityQuestion` VALUES ('24','11','0');
INSERT INTO `ActivityQuestion` VALUES ('25','11','0');
INSERT INTO `ActivityQuestion` VALUES ('26','11','0');
INSERT INTO `ActivityQuestion` VALUES ('27','11','0');
INSERT INTO `ActivityQuestion` VALUES ('28','11','0');
INSERT INTO `ActivityQuestion` VALUES ('29','11','0');
INSERT INTO `ActivityQuestion` VALUES ('30','11','0');
INSERT INTO `ActivityQuestion` VALUES ('31','11','0');
INSERT INTO `ActivityQuestion` VALUES ('32','11','0');
INSERT INTO `ActivityQuestion` VALUES ('33','11','0');
INSERT INTO `ActivityQuestion` VALUES ('34','11','0');
INSERT INTO `ActivityQuestion` VALUES ('35','11','0');
INSERT INTO `ActivityQuestion` VALUES ('36','11','0');
INSERT INTO `ActivityQuestion` VALUES ('37','11','0');
INSERT INTO `ActivityQuestion` VALUES ('38','11','0');
INSERT INTO `ActivityQuestion` VALUES ('39','11','0');
INSERT INTO `ActivityQuestion` VALUES ('40','11','0');
INSERT INTO `ActivityQuestion` VALUES ('41','11','0');
INSERT INTO `ActivityQuestion` VALUES ('42','11','0');
INSERT INTO `ActivityQuestion` VALUES ('43','11','0');
INSERT INTO `ActivityQuestion` VALUES ('44','11','0');
INSERT INTO `ActivityQuestion` VALUES ('45','11','0');
INSERT INTO `ActivityQuestion` VALUES ('46','11','0');
INSERT INTO `ActivityQuestion` VALUES ('47','11','0');
INSERT INTO `ActivityQuestion` VALUES ('48','11','0');
INSERT INTO `ActivityQuestion` VALUES ('49','11','0');
INSERT INTO `ActivityQuestion` VALUES ('18','12','0');
INSERT INTO `ActivityQuestion` VALUES ('19','12','0');
INSERT INTO `ActivityQuestion` VALUES ('20','12','0');
INSERT INTO `ActivityQuestion` VALUES ('21','12','0');
INSERT INTO `ActivityQuestion` VALUES ('22','12','0');
INSERT INTO `ActivityQuestion` VALUES ('23','12','0');
INSERT INTO `ActivityQuestion` VALUES ('24','12','0');
INSERT INTO `ActivityQuestion` VALUES ('25','12','0');
INSERT INTO `ActivityQuestion` VALUES ('26','12','0');
INSERT INTO `ActivityQuestion` VALUES ('27','12','0');
INSERT INTO `ActivityQuestion` VALUES ('28','12','0');
INSERT INTO `ActivityQuestion` VALUES ('29','12','0');
INSERT INTO `ActivityQuestion` VALUES ('30','12','0');
INSERT INTO `ActivityQuestion` VALUES ('31','12','0');
INSERT INTO `ActivityQuestion` VALUES ('32','12','0');
INSERT INTO `ActivityQuestion` VALUES ('33','12','0');
INSERT INTO `ActivityQuestion` VALUES ('34','12','0');
INSERT INTO `ActivityQuestion` VALUES ('35','12','0');
INSERT INTO `ActivityQuestion` VALUES ('36','12','0');
INSERT INTO `ActivityQuestion` VALUES ('37','12','0');
INSERT INTO `ActivityQuestion` VALUES ('38','12','0');
INSERT INTO `ActivityQuestion` VALUES ('39','12','0');
INSERT INTO `ActivityQuestion` VALUES ('40','12','0');
INSERT INTO `ActivityQuestion` VALUES ('41','12','0');
INSERT INTO `ActivityQuestion` VALUES ('42','12','0');
INSERT INTO `ActivityQuestion` VALUES ('43','12','0');
INSERT INTO `ActivityQuestion` VALUES ('44','12','0');
INSERT INTO `ActivityQuestion` VALUES ('45','12','0');
INSERT INTO `ActivityQuestion` VALUES ('46','12','0');
INSERT INTO `ActivityQuestion` VALUES ('47','12','0');
INSERT INTO `ActivityQuestion` VALUES ('48','12','0');
INSERT INTO `ActivityQuestion` VALUES ('49','12','0');
INSERT INTO `ActivityQuestion` VALUES ('18','13','0');
INSERT INTO `ActivityQuestion` VALUES ('19','13','0');
INSERT INTO `ActivityQuestion` VALUES ('20','13','0');
INSERT INTO `ActivityQuestion` VALUES ('21','13','0');
INSERT INTO `ActivityQuestion` VALUES ('22','13','0');
INSERT INTO `ActivityQuestion` VALUES ('23','13','0');
INSERT INTO `ActivityQuestion` VALUES ('24','13','0');
INSERT INTO `ActivityQuestion` VALUES ('25','13','0');
INSERT INTO `ActivityQuestion` VALUES ('26','13','0');
INSERT INTO `ActivityQuestion` VALUES ('27','13','0');
INSERT INTO `ActivityQuestion` VALUES ('28','13','0');
INSERT INTO `ActivityQuestion` VALUES ('29','13','0');
INSERT INTO `ActivityQuestion` VALUES ('30','13','0');
INSERT INTO `ActivityQuestion` VALUES ('31','13','0');
INSERT INTO `ActivityQuestion` VALUES ('32','13','0');
INSERT INTO `ActivityQuestion` VALUES ('33','13','0');
INSERT INTO `ActivityQuestion` VALUES ('34','13','0');
INSERT INTO `ActivityQuestion` VALUES ('35','13','0');
INSERT INTO `ActivityQuestion` VALUES ('36','13','0');
INSERT INTO `ActivityQuestion` VALUES ('37','13','0');
INSERT INTO `ActivityQuestion` VALUES ('38','13','0');
INSERT INTO `ActivityQuestion` VALUES ('39','13','0');
INSERT INTO `ActivityQuestion` VALUES ('40','13','0');
INSERT INTO `ActivityQuestion` VALUES ('41','13','0');
INSERT INTO `ActivityQuestion` VALUES ('42','13','0');
INSERT INTO `ActivityQuestion` VALUES ('43','13','0');
INSERT INTO `ActivityQuestion` VALUES ('44','13','0');
INSERT INTO `ActivityQuestion` VALUES ('45','13','0');
INSERT INTO `ActivityQuestion` VALUES ('46','13','0');
INSERT INTO `ActivityQuestion` VALUES ('47','13','0');
INSERT INTO `ActivityQuestion` VALUES ('48','13','0');
INSERT INTO `ActivityQuestion` VALUES ('49','13','0');
INSERT INTO `ActivityQuestion` VALUES ('18','14','0');
INSERT INTO `ActivityQuestion` VALUES ('19','14','0');
INSERT INTO `ActivityQuestion` VALUES ('20','14','0');
INSERT INTO `ActivityQuestion` VALUES ('21','14','0');
INSERT INTO `ActivityQuestion` VALUES ('22','14','0');
INSERT INTO `ActivityQuestion` VALUES ('23','14','0');
INSERT INTO `ActivityQuestion` VALUES ('24','14','0');
INSERT INTO `ActivityQuestion` VALUES ('25','14','0');
INSERT INTO `ActivityQuestion` VALUES ('26','14','0');
INSERT INTO `ActivityQuestion` VALUES ('27','14','0');
INSERT INTO `ActivityQuestion` VALUES ('28','14','0');
INSERT INTO `ActivityQuestion` VALUES ('29','14','0');
INSERT INTO `ActivityQuestion` VALUES ('30','14','0');
INSERT INTO `ActivityQuestion` VALUES ('31','14','0');
INSERT INTO `ActivityQuestion` VALUES ('32','14','0');
INSERT INTO `ActivityQuestion` VALUES ('33','14','0');
INSERT INTO `ActivityQuestion` VALUES ('34','14','0');
INSERT INTO `ActivityQuestion` VALUES ('35','14','0');
INSERT INTO `ActivityQuestion` VALUES ('36','14','0');
INSERT INTO `ActivityQuestion` VALUES ('37','14','0');
INSERT INTO `ActivityQuestion` VALUES ('38','14','0');
INSERT INTO `ActivityQuestion` VALUES ('39','14','0');
INSERT INTO `ActivityQuestion` VALUES ('40','14','0');
INSERT INTO `ActivityQuestion` VALUES ('41','14','0');
INSERT INTO `ActivityQuestion` VALUES ('42','14','0');
INSERT INTO `ActivityQuestion` VALUES ('43','14','0');
INSERT INTO `ActivityQuestion` VALUES ('44','14','0');
INSERT INTO `ActivityQuestion` VALUES ('45','14','0');
INSERT INTO `ActivityQuestion` VALUES ('46','14','0');
INSERT INTO `ActivityQuestion` VALUES ('47','14','0');
INSERT INTO `ActivityQuestion` VALUES ('48','14','0');
INSERT INTO `ActivityQuestion` VALUES ('49','14','0');
INSERT INTO `ActivityQuestion` VALUES ('18','15','0');
INSERT INTO `ActivityQuestion` VALUES ('19','15','0');
INSERT INTO `ActivityQuestion` VALUES ('20','15','0');
INSERT INTO `ActivityQuestion` VALUES ('21','15','0');
INSERT INTO `ActivityQuestion` VALUES ('22','15','0');
INSERT INTO `ActivityQuestion` VALUES ('23','15','0');
INSERT INTO `ActivityQuestion` VALUES ('24','15','0');
INSERT INTO `ActivityQuestion` VALUES ('25','15','0');
INSERT INTO `ActivityQuestion` VALUES ('26','15','0');
INSERT INTO `ActivityQuestion` VALUES ('27','15','0');
INSERT INTO `ActivityQuestion` VALUES ('28','15','0');
INSERT INTO `ActivityQuestion` VALUES ('29','15','0');
INSERT INTO `ActivityQuestion` VALUES ('30','15','0');
INSERT INTO `ActivityQuestion` VALUES ('31','15','0');
INSERT INTO `ActivityQuestion` VALUES ('32','15','0');
INSERT INTO `ActivityQuestion` VALUES ('33','15','0');
INSERT INTO `ActivityQuestion` VALUES ('34','15','0');
INSERT INTO `ActivityQuestion` VALUES ('35','15','0');
INSERT INTO `ActivityQuestion` VALUES ('36','15','0');
INSERT INTO `ActivityQuestion` VALUES ('37','15','0');
INSERT INTO `ActivityQuestion` VALUES ('38','15','0');
INSERT INTO `ActivityQuestion` VALUES ('39','15','0');
INSERT INTO `ActivityQuestion` VALUES ('40','15','0');
INSERT INTO `ActivityQuestion` VALUES ('41','15','0');
INSERT INTO `ActivityQuestion` VALUES ('42','15','0');
INSERT INTO `ActivityQuestion` VALUES ('43','15','0');
INSERT INTO `ActivityQuestion` VALUES ('44','15','0');
INSERT INTO `ActivityQuestion` VALUES ('45','15','0');
INSERT INTO `ActivityQuestion` VALUES ('46','15','0');
INSERT INTO `ActivityQuestion` VALUES ('47','15','0');
INSERT INTO `ActivityQuestion` VALUES ('48','15','0');
INSERT INTO `ActivityQuestion` VALUES ('49','15','0');
CREATE TABLE "Activity" (
	`_id`	INTEGER PRIMARY KEY AUTOINCREMENT,
	`text`	TEXT,
	`favorite`	INTEGER,
	`discover`	INTEGER
);
INSERT INTO `Activity` VALUES ('0','Va mater Derrick sur France 2','0','0');
INSERT INTO `Activity` VALUES ('1','Regarde les infos pour voir ce
 qu''il se passe dans le monde','0','0');
INSERT INTO `Activity` VALUES ('2','Lis l''intégrale du Seigneur des Anneaux, histoire de voir les différences avec le film','0','0');
INSERT INTO `Activity` VALUES ('3','Lis toi une bonne BD','0','0');
INSERT INTO `Activity` VALUES ('4','Prépare un gratin dauphinois','0','0');
INSERT INTO `Activity` VALUES ('5','Prépare un dessert pour ce soir','0','0');
INSERT INTO `Activity` VALUES ('6','Prends ton plus beau crayon et 
dessine moi un mouton','0','0');
INSERT INTO `Activity` VALUES ('7','Dessine la première chose
 qui te traverse l''esprit','0','0');
INSERT INTO `Activity` VALUES ('8','Repeins le mur de ta chambre couleur 
taupe (c''est Valérie Damidot qui l''a dit)','0','0');
INSERT INTO `Activity` VALUES ('9','Prends toi pour Baudelaire en écrivant un poème pour ton amoureux(se) ...ou alors ta mère','0','0');
INSERT INTO `Activity` VALUES ('10','Brode une écharpe pour ta grand-mère','0','0');
INSERT INTO `Activity` VALUES ('11','Répare les chaussettes trouées que tu
caches au fond de ton tiroir','0','0');
INSERT INTO `Activity` VALUES ('12','Construis la maison de tes rêves en jouant au Sims 3','0','0');
INSERT INTO `Activity` VALUES ('13','Promène toi sur les toits de Paris et défonce des gardes en jouant à Assassin''s Creed','0','0');
INSERT INTO `Activity` VALUES ('14','Reprend ce fameux projet que tu as laissé dans un coin, la proscrastination c''est pas bon','0','0');
INSERT INTO `Activity` VALUES ('15','Planifie enfin ce voyage au Bahamas dont tu rêves depuis 3 ans','0','0');
INSERT INTO `Activity` VALUES ('16','Prépare ton road-trip en Amérique ! L''Amérique tu veux la voir...et tu l''auras','0','0');
INSERT INTO `Activity` VALUES ('17','Joue au monopoly avec tes petits cousins','0','0');
INSERT INTO `Activity` VALUES ('18','Franchement, va te laver, là, c''est plus possible !','0','0');
INSERT INTO `Activity` VALUES ('19','T''es un peu tendu, là, fais toi couler un bon bain chaud ! Tu seras propre et détendu','0','0');
INSERT INTO `Activity` VALUES ('20','Je pense que tu as besoin d''un peu d''exercice, vas faire de la gym !','0','0');
INSERT INTO `Activity` VALUES ('21','Ca fait combien de temps que t''as pas fait de sport ? Aller, au boulot !','0','0');
INSERT INTO `Activity` VALUES ('22','Il est grand temps que tu passes le balai dans ta chambre, ça sent le moisi','0','0');
INSERT INTO `Activity` VALUES ('23','Fais un petit effort en faisant le tri dans
tes affaires, et si tu les donne tu feras
des heureux !','0','0');
INSERT INTO `Activity` VALUES ('24','Va voir le dernier Tarantino au cinéma, ça
va être de la bombe','0','0');
INSERT INTO `Activity` VALUES ('25','Va voir le dernier film d''animation pour
retrouver ton âme d''enfant','0','0');
INSERT INTO `Activity` VALUES ('26','Va faire un tour du patée de maison !','0','0');
INSERT INTO `Activity` VALUES ('27','Va au parc !','0','0');
INSERT INTO `Activity` VALUES ('28','Tu as envie de te dépenser, fais 4 fois le
tour du patée de maison en courant, ça
te calmera','0','0');
INSERT INTO `Activity` VALUES ('29','Ca fait combien de temps que t''es pas 
sorti ? Allez va voir tes amis !','0','0');
INSERT INTO `Activity` VALUES ('30','Tu as toujours rêvé d''être Tarzan ? (ou Jane)
alors l''accrobranche est fait pour toi !','0','0');
INSERT INTO `Activity` VALUES ('31','Tu meurs de faim, avoue ! Alors amène
ton ami(e) manger dans un bon restaurant
(ou un kebab si tu préfères)','0','0');
INSERT INTO `Activity` VALUES ('32','Move your body on the dancefloor !','0','0');
INSERT INTO `Activity` VALUES ('33','Sors ton appareil photo et ton trepied et
prends toi pour Cartier Bresson !','0','0');
INSERT INTO `Activity` VALUES ('34','Ton idole de tous les temps est Spielberg ?
Alors dégaine ta caméra et réalise ton
propre film !','0','0');
INSERT INTO `Activity` VALUES ('35','Tu alternes tes repas entre pates et riz ?
Je crois qu''il est grand temps d''aller
faire les courses !','0','0');
INSERT INTO `Activity` VALUES ('36','On sait que Philippe Candeloro est ton
idole, alors suis ses traces en allant te
défouler à la patinoire','0','0');
INSERT INTO `Activity` VALUES ('37','Entraîne toi à nager la brasse indienne
en te rendant à la piscine','0','0');
INSERT INTO `Activity` VALUES ('38','Va piquer une tête à la piscine 
(mais la ramène pas à la maison)','0','0');
INSERT INTO `Activity` VALUES ('39','Repeins la face de tous tes potes
 en faisant du paintball !','0','0');
INSERT INTO `Activity` VALUES ('40','Fais le plein de sensations fortes en te
rendant dans un parc d''attraction','0','0');
INSERT INTO `Activity` VALUES ('41','Entraîne toi à chanter (mais pas trop faux,
pense à tes voisins !)','0','0');
INSERT INTO `Activity` VALUES ('42','Lance ta musique préférée et prend toi
pour une star en chantant.','0','0');
INSERT INTO `Activity` VALUES ('43','Avoue que tu as faim. Tu peux ouvrir les 
Granola au fond de ton placard, mais 
laisses-en!','0','0');
INSERT INTO `Activity` VALUES ('44','Have a break ... et prend un goûter','0','0');
INSERT INTO `Activity` VALUES ('45','T''en as pas marre d''avoir toujours 2 points
sur ton permis ? Allez une petite révision
du code de la route te fera pas de mal','0','0');
INSERT INTO `Activity` VALUES ('46','Franchement, tu n''y échapperas pas, alors
va réviser ton cours de maths pr demain !','0','0');
INSERT INTO `Activity` VALUES ('47','Tente ta chance au loto, on sait jamais  !','0','0');
INSERT INTO `Activity` VALUES ('48','T''as envie de vivre au Bahamas
 et d''être en vacances toute 
ta vie ? Va acheter une grille de Loto !','0','0');
INSERT INTO `Activity` VALUES ('49','Organise une mega fiesta avec tous tes
potos, tu vas bien rigoler !','0','0');
COMMIT;
